{
  "image": "IMG_0569-d21d7853.jpg",
  "image_size": {
    "width": 3264,
    "height": 2448
  },
  "marker_size_mm": 20.0,
  "mm_per_px": 0.06913768810780546,
  "pixels_per_mm": 14.463891220092775,
  "markers": [
    {
      "edge_mm": 20.0,
      "mm_per_px": 0.06913768810780546,
      "corners": [
        {
          "x": 1242,
          "y": 280
        },
        {
          "x": 1530,
          "y": 280
        },
        {
          "x": 1534,
          "y": 572
        },
        {
          "x": 1249,
          "y": 572
        }
      ]
    }
  ]
}