{
  "image": "IMG_0569-15b5c516.jpg",
  "image_size": {
    "width": 3264,
    "height": 2448
  },
  "marker_size_mm": 47.5,
  "mm_per_px": 0.16420200925603798,
  "pixels_per_mm": 6.090059461091694,
  "markers": [
    {
      "edge_mm": 47.5,
      "mm_per_px": 0.16420200925603798,
      "corners": [
        {
          "x": 1242,
          "y": 280
        },
        {
          "x": 1530,
          "y": 280
        },
        {
          "x": 1534,
          "y": 572
        },
        {
          "x": 1249,
          "y": 572
        }
      ]
    }
  ]
}