{
  "image": "IMG_0568-792cf1ff.jpg",
  "image_size": {
    "width": 3264,
    "height": 2448
  },
  "marker_size_mm": 47.5,
  "mm_per_px": 0.15017507585132767,
  "pixels_per_mm": 6.658894589072779,
  "markers": [
    {
      "edge_mm": 47.5,
      "mm_per_px": 0.15017507585132767,
      "corners": [
        {
          "x": 1333,
          "y": 191
        },
        {
          "x": 1646,
          "y": 187
        },
        {
          "x": 1651,
          "y": 508
        },
        {
          "x": 1341,
          "y": 512
        }
      ]
    }
  ]
}