{
  "image": "17638604226993705235396811030011-bc666aae.jpg",
  "image_size": {
    "width": 3000,
    "height": 4000
  },
  "marker_size_mm": 30.0,
  "mm_per_px": 0.04130122209250702,
  "pixels_per_mm": 24.212358601888024,
  "markers": [
    {
      "edge_mm": 30.0,
      "mm_per_px": 0.04130122209250702,
      "corners": [
        {
          "x": 1095,
          "y": 1356
        },
        {
          "x": 1812,
          "y": 1338
        },
        {
          "x": 1879,
          "y": 2039
        },
        {
          "x": 1126,
          "y": 2085
        }
      ]
    }
  ]
}