{
  "image": "17642072169263717600332019545548-b1ad36fd.jpg",
  "image_size": {
    "width": 3000,
    "height": 4000
  },
  "marker_size_mm": 30.0,
  "mm_per_px": 0.06329113924050633,
  "pixels_per_mm": 15.799999999999999,
  "markers": [
    {
      "edge_mm": 30.0,
      "mm_per_px": 0.06329113924050633,
      "corners": [
        {
          "x": 2525,
          "y": 2553
        },
        {
          "x": 2999,
          "y": 2553
        },
        {
          "x": 2999,
          "y": 3027
        },
        {
          "x": 2525,
          "y": 3027
        }
      ]
    }
  ]
}