{
  "image": "17641894771429058852185194224002-a28913f3.jpg",
  "image_size": {
    "width": 3000,
    "height": 4000
  },
  "marker_size_mm": 30.0,
  "mm_per_px": 0.047853571109983645,
  "pixels_per_mm": 20.89708201090495,
  "markers": [
    {
      "edge_mm": 30.0,
      "mm_per_px": 0.047853571109983645,
      "corners": [
        {
          "x": 929,
          "y": 1791
        },
        {
          "x": 1810,
          "y": 2116
        },
        {
          "x": 1701,
          "y": 2412
        },
        {
          "x": 821,
          "y": 2087
        }
      ]
    }
  ]
}