{
  "image": "17641895151706057789475001124922-d3d16060.jpg",
  "image_size": {
    "width": 3000,
    "height": 4000
  },
  "marker_size_mm": 30.0,
  "mm_per_px": 0.03156935322438517,
  "pixels_per_mm": 31.676290384928386,
  "markers": [
    {
      "edge_mm": 30.0,
      "mm_per_px": 0.03156935322438517,
      "corners": [
        {
          "x": 1212,
          "y": 1669
        },
        {
          "x": 2139,
          "y": 1656
        },
        {
          "x": 2195,
          "y": 2607
        },
        {
          "x": 1232,
          "y": 2627
        }
      ]
    }
  ]
}