{
  "image": "17642204959879055740378221417407-4772c50a.jpg",
  "image_size": {
    "width": 3000,
    "height": 4000
  },
  "marker_size_mm": 30.0,
  "mm_per_px": 0.03249444067699462,
  "pixels_per_mm": 30.774494934082032,
  "markers": [
    {
      "edge_mm": 30.0,
      "mm_per_px": 0.03249444067699462,
      "corners": [
        {
          "x": 1147,
          "y": 952
        },
        {
          "x": 2116,
          "y": 1050
        },
        {
          "x": 2133,
          "y": 1890
        },
        {
          "x": 1135,
          "y": 1831
        }
      ]
    }
  ]
}